id,height_in,weight_lb,height_norm,weight_norm,score_week2,pred_label
11,64,128,0.18181818181818182,0.06363636363636363,0.44090909090909086,Healthy
12,70,154,0.7272727272727273,0.3,0.2863636363636364,Healthy
